"id";"nome";"ator_principal";"qt_duracao";"ds_genero"
1;"ACADEMY DINOSAUR";"MARY";0;"Documentary"
2;"ACE GOLDFINGER";"CHRIS";0;"Horror"
3;"ADAPTATION HOLES";"JULIANNE";0;"Documentary"
4;"AFFAIR PREJUDICE";"OPRAH";0;"Horror"
5;"AFRICAN EGG";"THORA";0;"Family"
6;"AGENT TRUMAN";"REESE";0;"Foreign"
7;"AIRPLANE SIERRA";"MICHAEL";0;"Comedy"
8;"AIRPORT POLLOCK";"LUCILLE";0;"Horror"
9;"ALABAMA DEVIL";"MERYL";0;"Horror"
10;"ALADDIN CALENDAR";"ROCK";0;"Sports"
11;"ALAMO VIDEOTAPE";"MICHAEL";0;"Foreign"
12;"ALASKA PHANTOM";"JEFF";0;"Music"
13;"ALI FOREVER";"JON";0;"Horror"
14;"ALICE FANTASIA";"ROCK";0;"Classics"
15;"ALIEN CENTER";"MENA";0;"Foreign"
16;"ALLEY EVOLUTION";"JOHN";0;"Foreign"
17;"ALONE TRIP";"RENEE";0;"Music"
18;"ALTER VICTORY";"OPRAH";0;"Animation"
19;"AMADEUS HOLY";"PENELOPE";0;"Action"
20;"AMELIE HELLFIGHTERS";"LAURA";0;"Music"
21;"AMERICAN CIRCUS";"FRANCES";0;"Action"
22;"AMISTAD MIDSUMMER";"SCARLETT";0;"New"
23;"ANACONDA CONFESSIONS";"HUMPHREY";0;"Animation"
24;"ANALYZE HOOSIERS";"ED";0;"Horror"
25;"ANGELS LIFE";"RENEE";0;"New"
26;"ANNIE IDENTITY";"GRETA";0;"Sci-Fi"
27;"ANONYMOUS HUMAN";"ED";0;"Sports"
28;"ANTHEM LUKE";"OPRAH";0;"Comedy"
29;"ANTITRUST TOMATOES";"REESE";0;"Action"
30;"ANYTHING SAVANNAH";"LISA";0;"Horror"
31;"APACHE DIVINE";"HENRY";0;"Family"
32;"APOCALYPSE FLAMINGOS";"RUSSELL";0;"New"
33;"APOLLO TEEN";"DEBBIE";0;"Drama"
34;"ARABIA DOGMA";"LISA";0;"Horror"
35;"ARACHNOPHOBIA ROLLERCOASTER";"HUMPHREY";0;"Horror"
36;"ARGONAUTS TOWN";"KEVIN";0;"Animation"
37;"ARIZONA BANG";"GRETA";0;"Classics"
38;"ARK RIDGEMONT";"AUDREY";0;"Action"
39;"ARMAGEDDON LOST";"GREGORY";0;"Sci-Fi"
40;"ARMY FLINTSTONES";"RUSSELL";0;"Documentary"
41;"ARSENIC INDEPENDENCE";"OPRAH";0;"Travel"
42;"ARTIST COLDBLOODED";"MERYL";0;"Sports"
43;"ATLANTIS CAUSE";"CUBA";0;"Family"
44;"ATTACKS HATE";"BURT";0;"Sci-Fi"
45;"ATTRACTION NEWTON";"CHRISTOPHER";0;"New"
46;"AUTUMN CROW";"JAMES";0;"Games"
47;"BABY HALL";"VIVIEN";0;"Foreign"
48;"BACKLASH UNDEFEATED";"JANE";0;"Children"
49;"BADMAN DAWN";"THORA";0;"Sci-Fi"
50;"BAKED CLEOPATRA";"MICHELLE";0;"Family"
51;"BALLOON HOMEWARD";"ROCK";0;"Music"
52;"BALLROOM MOCKINGBIRD";"GENE";0;"Foreign"
53;"BANG KWAI";"FAY";0;"Family"
54;"BANGER PINOCCHIO";"AUDREY";0;"Music"
55;"BARBARELLA STREETCAR";"GENE";0;"Sci-Fi"
56;"BAREFOOT MANCHURIAN";"WILL";0;"Action"
57;"BASIC EASY";"GROUCHO";0;"Travel"
58;"BEACH HEARTBREAKERS";"HARVEY";0;"Documentary"
59;"BEAR GRACELAND";"BEN";0;"Children"
60;"BEAST HUNCHBACK";"SUSAN";0;"Classics"
61;"BEAUTY GREASE";"MICHAEL";0;"Drama"
62;"BED HIGHBALL";"AUDREY";0;"Documentary"
63;"BEDAZZLED MARRIED";"REESE";0;"Family"
64;"BEETHOVEN EXORCIST";"BELA";0;"Drama"
65;"BEHAVIOR RUNAWAY";"ED";0;"Horror"
66;"BENEATH RUSH";"VIVIEN";0;"Children"
67;"BERETS AGENT";"MERYL";0;"Action"
68;"BETRAYED REAR";"NICK";0;"Children"
69;"BEVERLY OUTLAW";"JOHN";0;"Sci-Fi"
70;"BIKINI BORROWERS";"PENELOPE";0;"Animation"
71;"BILKO ANONYMOUS";"RUSSELL";0;"Family"
72;"BILL OTHERS";"LAURENCE";0;"Documentary"
73;"BINGO TALENTED";"RENEE";0;"Sci-Fi"
74;"BIRCH ANTITRUST";"MATTHEW";0;"Music"
75;"BIRD INDEPENDENCE";"JAYNE";0;"Travel"
76;"BIRDCAGE CASPER";"RENEE";0;"Music"
77;"BIRDS PERDITION";"WHOOPI";0;"New"
78;"BLACKOUT PRIVATE";"MATTHEW";0;"Animation"
79;"BLADE POLISH";"ANGELA";0;"Drama"
80;"BLANKET BEVERLY";"THORA";0;"Family"
81;"BLINDNESS GUN";"ADAM";0;"Sci-Fi"
82;"BLOOD ARGONAUTS";"CUBA";0;"Family"
83;"BLUES INSTINCT";"MATTHEW";0;"Family"
84;"BOILED DARES";"JULIA";0;"Travel"
85;"BONNIE HOLOCAUST";"ED";0;"Documentary"
86;"BOOGIE AMELIE";"MERYL";0;"Music"
87;"BOONDOCK BALLROOM";"AUDREY";0;"Travel"
88;"BORN SPINAL";"MERYL";0;"Travel"
89;"BORROWERS BEDAZZLED";"JON";0;"Animation"
90;"BOULEVARD MOB";"HARVEY";0;"New"
91;"BOUND CHEAPER";"CUBA";0;"Classics"
92;"BOWFINGER GABLES";"WILL";0;"Horror"
93;"BRANNIGAN SUNRISE";"KENNETH";0;"New"
94;"BRAVEHEART HUMAN";"JAYNE";0;"Family"
95;"BREAKFAST GOLDFINGER";"JULIA";0;"New"
96;"BREAKING HOME";"MORGAN";0;"New"
97;"BRIDE INTRIGUE";"ANGELA";0;"Action"
98;"BRIGHT ENCOUNTERS";"MERYL";0;"Drama"
99;"BRINGING HYSTERICAL";"ANGELA";0;"Comedy"
100;"BROOKLYN DESERT";"GROUCHO";0;"Foreign"
101;"BROTHERHOOD BLANKET";"DARYL";0;"Documentary"
102;"BUBBLE GROSSE";"ROCK";0;"Sports"
103;"BUCKET BROTHERHOOD";"BURT";0;"Travel"
104;"BUGSY SONG";"KIRSTEN";0;"Foreign"
105;"BULL SHAWSHANK";"JAYNE";0;"Action"
106;"BULWORTH COMMANDMENTS";"ALAN";0;"Games"
107;"BUNCH MINDS";"LAURENCE";0;"Drama"
108;"BUTCH PANTHER";"GROUCHO";0;"New"
109;"BUTTERFLY CHOCOLAT";"MARY";0;"New"
110;"CABIN FLASH";"RENEE";0;"Children"
111;"CADDYSHACK JEDI";"ROCK";0;"Action"
112;"CALENDAR GUNFIGHT";"WHOOPI";0;"Foreign"
113;"CALIFORNIA BIRDS";"RUSSELL";0;"Sports"
114;"CAMELOT VACATION";"ALBERT";0;"Sci-Fi"
115;"CAMPUS REMEMBER";"WILL";0;"Action"
116;"CANDIDATE PERDITION";"THORA";0;"Classics"
117;"CANDLES GRAPES";"JOHN";0;"Games"
118;"CANYON STOCK";"RUSSELL";0;"Animation"
119;"CAPER MOTIONS";"BURT";0;"Comedy"
120;"CARIBBEAN LIBERTY";"LAURENCE";0;"Sports"
121;"CAROL TEXAS";"THORA";0;"Animation"
122;"CARRIE BUNCH";"BELA";0;"Horror"
123;"CASABLANCA SUPER";"REESE";0;"Travel"
124;"CASPER DRAGONFLY";"WALTER";0;"Children"
125;"CASSIDY WYOMING";"MARY";0;"Travel"
126;"CASUALTIES ENCINO";"SUSAN";0;"Action"
127;"CAT CONEHEADS";"RENEE";0;"Comedy"
128;"CATCH AMISTAD";"IAN";0;"Foreign"
129;"CAUSE DATE";"REESE";0;"Documentary"
130;"CELEBRITY HORN";"JAYNE";0;"Action"
131;"CENTER DINOSAUR";"ED";0;"Classics"
132;"CHAINSAW UPTOWN";"GENE";0;"Sci-Fi"
133;"CHAMBER ITALIAN";"EMILY";0;"Music"
134;"CHAMPION FLATLINERS";"GENE";0;"Animation"
135;"CHANCE RESURRECTION";"MERYL";0;"Sports"
136;"CHAPLIN LICENSE";"MINNIE";0;"New"
137;"CHARADE DUFFEL";"WARREN";0;"Sci-Fi"
138;"CHARIOTS CONSPIRACY";"MICHAEL";0;"Sci-Fi"
139;"CHASING FIGHT";"MENA";0;"Family"
140;"CHEAPER CLYDE";"LUCILLE";0;"Sci-Fi"
141;"CHICAGO NORTH";"JAYNE";0;"Games"
142;"CHICKEN HELLFIGHTERS";"HENRY";0;"Documentary"
143;"CHILL LUCK";"WARREN";0;"Drama"
144;"CHINATOWN GLADIATOR";"JAYNE";0;"New"
145;"CHISUM BEHAVIOR";"JULIA";0;"Family"
146;"CHITTY LOCK";"ROCK";0;"Drama"
147;"CHOCOLAT HARRY";"REESE";0;"Family"
148;"CHOCOLATE DUCK";"GROUCHO";0;"Foreign"
149;"CHRISTMAS MOONSHINE";"THORA";0;"Children"
150;"CIDER DESIRE";"JON";0;"Documentary"
151;"CINCINATTI WHISPERER";"JULIANNE";0;"Sci-Fi"
152;"CIRCUS YOUTH";"MATTHEW";0;"Children"
153;"CITIZEN SHREK";"IAN";0;"Sci-Fi"
154;"CLASH FREDDY";"ALAN";0;"Animation"
155;"CLEOPATRA DEVIL";"JOHN";0;"New"
156;"CLERKS ANGELS";"BELA";0;"Documentary"
157;"CLOCKWORK PARADISE";"LUCILLE";0;"Children"
158;"CLONES PINOCCHIO";"MERYL";0;"Music"
159;"CLOSER BANG";"JULIA";0;"Comedy"
160;"CLUB GRAFFITI";"DEBBIE";0;"Animation"
161;"CLUE GRAIL";"MERYL";0;"Music"
162;"CLUELESS BUCKET";"JON";0;"Action"
163;"CLYDE THEORY";"MERYL";0;"New"
164;"COAST RAINBOW";"BURT";0;"Documentary"
165;"COLDBLOODED DARLING";"GINA";0;"Sci-Fi"
166;"COLOR PHILADELPHIA";"JOHN";0;"Classics"
167;"COMA HEAD";"GEOFFREY";0;"Travel"
168;"COMANCHEROS ENEMY";"RENEE";0;"Children"
169;"COMFORTS RUSH";"BELA";0;"Travel"
170;"COMMAND DARLING";"MERYL";0;"Foreign"
171;"COMMANDMENTS EXPRESS";"CUBA";0;"Horror"
172;"CONEHEADS SMOOCHY";"RICHARD";0;"Drama"
173;"CONFESSIONS MAGUIRE";"AUDREY";0;"Drama"
174;"CONFIDENTIAL INTERVIEW";"SYLVESTER";0;"Music"
175;"CONFUSED CANDLES";"GENE";0;"Family"
176;"CONGENIALITY QUEST";"CHRISTOPHER";0;"Sports"
177;"CONNECTICUT TRAMP";"VIVIEN";0;"Sci-Fi"
178;"CONNECTION MICROCOSMOS";"VIVIEN";0;"Comedy"
179;"CONQUERER NUTS";"JOHN";0;"Drama"
180;"CONSPIRACY SPIRIT";"MENA";0;"Classics"
181;"CONTACT ANONYMOUS";"OLYMPIA";0;"Travel"
182;"CONTROL ANTHEM";"CHARLIZE";0;"Comedy"
183;"CONVERSATION DOWNHILL";"GRETA";0;"Family"
184;"CORE SUIT";"MENA";0;"Classics"
185;"COWBOY DOOM";"GREGORY";0;"Foreign"
186;"CRAFT OUTFIELD";"MARY";0;"Drama"
187;"CRANES RESERVOIR";"JULIA";0;"Sports"
188;"CRAZY HOME";"GENE";0;"Comedy"
189;"CREATURES SHAKESPEARE";"REESE";0;"Games"
190;"CREEPERS KANE";"WILLIAM";0;"Classics"
191;"CROOKED FROGMEN";"WILLIAM";0;"Children"
192;"CROSSING DIVORCE";"MILLA";0;"Foreign"
193;"CROSSROADS CASUALTIES";"MERYL";0;"Animation"
194;"CROW GREASE";"LISA";0;"Action"
195;"CROWDS TELEMARK";"JEFF";0;"Sci-Fi"
196;"CRUELTY UNFORGIVEN";"WILL";0;"Classics"
197;"CRUSADE HONEY";"LISA";0;"Sports"
198;"CRYSTAL BREAKING";"FAY";0;"Foreign"
199;"CUPBOARD SINNERS";"JADA";0;"Documentary"
200;"CURTAIN VIDEOTAPE";"EWAN";0;"Games"
201;"CYCLONE FAMILY";"JUDY";0;"Foreign"
202;"DADDY PITTSBURGH";"DARYL";0;"Comedy"
203;"DAISY MENAGERIE";"MINNIE";0;"Sci-Fi"
204;"DALMATIONS SWEDEN";"AL";0;"Drama"
205;"DANCES NONE";"WALTER";0;"Action"
206;"DANCING FEVER";"ROCK";0;"Documentary"
207;"DANGEROUS UPTOWN";"ALBERT";0;"Foreign"
208;"DARES PLUTO";"JULIA";0;"Animation"
209;"DARKNESS WAR";"GINA";0;"Drama"
210;"DARKO DORADO";"GRETA";0;"Action"
211;"DARLING BREAKING";"JAYNE";0;"Games"
212;"DARN FORRESTER";"MENA";0;"Action"
213;"DATE SPEED";"RIP";0;"Family"
214;"DAUGHTER MADIGAN";"JOHN";0;"Children"
215;"DAWN POND";"MERYL";0;"Games"
216;"DAY UNFAITHFUL";"JULIA";0;"New"
217;"DAZED PUNK";"GRETA";0;"Games"
218;"DECEIVER BETRAYED";"ALBERT";0;"Drama"
219;"DEEP CRUSADE";"GREGORY";0;"Documentary"
220;"DEER VIRGINIAN";"IAN";0;"Music"
221;"DELIVERANCE MULHOLLAND";"HUMPHREY";0;"Documentary"
222;"DESERT POSEIDON";"RENEE";0;"Horror"
223;"DESIRE ALIEN";"ROCK";0;"Animation"
224;"DESPERATE TRAINSPOTTING";"MORGAN";0;"Travel"
225;"DESTINATION JERK";"CAMERON";0;"Drama"
226;"DESTINY SATURDAY";"EMILY";0;"New"
227;"DETAILS PACKER";"SALMA";0;"Games"
228;"DETECTIVE VISION";"JULIA";0;"Classics"
229;"DEVIL DESIRE";"EWAN";0;"Action"
230;"DIARY PANIC";"DARYL";0;"Drama"
231;"DINOSAUR SECRETARY";"MINNIE";0;"Family"
232;"DIRTY ACE";"MERYL";0;"Games"
233;"DISCIPLE MOTHER";"MATTHEW";0;"Travel"
234;"DISTURBING SCARFACE";"AUDREY";0;"Sci-Fi"
235;"DIVIDE MONSTER";"GENE";0;"Sci-Fi"
236;"DIVINE RESURRECTION";"KENNETH";0;"Games"
237;"DIVORCE SHINING";"JULIA";0;"Sports"
238;"DOCTOR GRAIL";"JON";0;"Children"
239;"DOGMA FAMILY";"CHRISTOPHER";0;"Animation"
240;"DOLLS RAGE";"CARY";0;"Sci-Fi"
241;"DONNIE ALLEY";"WILL";0;"Animation"
242;"DOOM DANCING";"CHRIS";0;"Comedy"
243;"DOORS PRESIDENT";"REESE";0;"Animation"
244;"DORADO NOTTING";"FAY";0;"Music"
245;"DOUBLE WRATH";"JULIANNE";0;"Animation"
246;"DOUBTFIRE LABYRINTH";"KENNETH";0;"Foreign"
247;"DOWNHILL ENOUGH";"HARVEY";0;"Comedy"
248;"DOZEN LION";"KENNETH";0;"Documentary"
249;"DRACULA CRYSTAL";"REESE";0;"Classics"
250;"DRAGON SQUAD";"ED";0;"Action"
251;"DRAGONFLY STRANGERS";"FAY";0;"New"
252;"DREAM PICKUP";"JON";0;"Action"
253;"DRIFTER COMMANDMENTS";"AUDREY";0;"Action"
254;"DRIVER ANNIE";"FAY";0;"Sports"
255;"DRIVING POLISH";"WILL";0;"Music"
256;"DROP WATERFRONT";"ED";0;"Sports"
257;"DRUMLINE CYCLONE";"";0;"Travel"
258;"DRUMS DYNAMITE";"REESE";0;"Horror"
259;"DUCK RACER";"PENELOPE";0;"Animation"
260;"DUDE BLINDNESS";"ANGELA";0;"Sports"
261;"DUFFEL APOCALYPSE";"EWAN";0;"Documentary"
262;"DUMBO LUST";"MARY";0;"Family"
263;"DURHAM PANKY";"FAY";0;"Sports"
264;"DWARFS ALTER";"MARY";0;"Games"
265;"DYING MAKER";"MICHAEL";0;"Comedy"
266;"DYNAMITE TARZAN";"CUBA";0;"Classics"
267;"EAGLES PANKY";"CHRIS";0;"New"
268;"EARLY HOME";"MORGAN";0;"Animation"
269;"EARRING INSTINCT";"HARVEY";0;"Family"
270;"EARTH VISION";"JAYNE";0;"New"
271;"EASY GLADIATOR";"ED";0;"Action"
272;"EDGE KISSING";"CUBA";0;"Drama"
273;"EFFECT GLADIATOR";"LISA";0;"Family"
274;"EGG IGBY";"OPRAH";0;"Documentary"
275;"EGYPT TENENBAUMS";"CHRIS";0;"Horror"
276;"ELEMENT FREDDY";"BELA";0;"Comedy"
277;"ELEPHANT TROJAN";"HARRISON";0;"Horror"
278;"ELF MURDER";"AUDREY";0;"Music"
279;"ELIZABETH SHANE";"OPRAH";0;"Sports"
280;"EMPIRE MALKOVICH";"RICHARD";0;"Children"
281;"ENCINO ELF";"HARVEY";0;"Games"
282;"ENCOUNTERS CURTAIN";"MERYL";0;"Drama"
283;"ENDING CROWDS";"CHRISTOPHER";0;"New"
284;"ENEMY ODDS";"BELA";0;"Music"
285;"ENGLISH BULWORTH";"FAY";0;"Sci-Fi"
286;"ENOUGH RAGING";"MICHAEL";0;"Travel"
287;"ENTRAPMENT SATISFACTION";"PENELOPE";0;"Action"
288;"ESCAPE METROPOLIS";"ED";0;"Travel"
289;"EVE RESURRECTION";"ROCK";0;"New"
290;"EVERYONE CRAFT";"MINNIE";0;"Foreign"
291;"EVOLUTION ALTER";"BURT";0;"Sports"
292;"EXCITEMENT EVE";"MORGAN";0;"Action"
293;"EXORCIST STING";"GREGORY";0;"Sports"
294;"EXPECATIONS NATURAL";"LAURENCE";0;"Travel"
295;"EXPENDABLE STALLION";"FAY";0;"Documentary"
296;"EXPRESS LONELY";"GREGORY";0;"Sci-Fi"
297;"EXTRAORDINARY CONQUERER";"RENEE";0;"Classics"
298;"EYES DRIVING";"JAYNE";0;"Sci-Fi"
299;"FACTORY DRAGON";"MENA";0;"Travel"
300;"FALCON VOLUME";"ED";0;"Animation"
301;"FAMILY SWEET";"DEBBIE";0;"Horror"
302;"FANTASIA PARK";"GROUCHO";0;"Games"
303;"FANTASY TROOPERS";"MARY";0;"Action"
304;"FARGO GANDHI";"CHRISTOPHER";0;"Children"
305;"FATAL HAUNTED";"WILL";0;"New"
306;"FEATHERS METAL";"NICK";0;"Games"
307;"FELLOWSHIP AUTUMN";"CHRISTOPHER";0;"Travel"
308;"FERRIS MOTHER";"SISSY";0;"Comedy"
309;"FEUD FROGMEN";"MARY";0;"Family"
310;"FEVER EMPIRE";"AUDREY";0;"Games"
311;"FICTION CHRISTMAS";"MARY";0;"Foreign"
312;"FIDDLER LOST";"IAN";0;"Sci-Fi"
313;"FIDELITY DEVIL";"RUSSELL";0;"Horror"
314;"FIGHT JAWBREAKER";"MERYL";0;"Animation"
315;"FINDING ANACONDA";"CUBA";0;"Family"
316;"FIRE WOLVES";"RIVER";0;"Games"
317;"FIREBALL PHILADELPHIA";"FRANCES";0;"Comedy"
318;"FIREHOUSE VIETNAM";"OLYMPIA";0;"Action"
319;"FISH OPUS";"LAURENCE";0;"Sci-Fi"
320;"FLAMINGOS CONNECTICUT";"JON";0;"New"
321;"FLASH WARS";"GRETA";0;"New"
322;"FLATLINERS KILLER";"ROCK";0;"Sports"
323;"FLIGHT LIES";"";0;"Sports"
324;"FLINTSTONES HAPPINESS";"BELA";0;"Comedy"
325;"FLOATS GARDEN";"CAMERON";0;"Animation"
326;"FLYING HOOK";"KENNETH";0;"Animation"
327;"FOOL MOCKINGBIRD";"NATALIE";0;"Action"
328;"FOREVER CANDIDATE";"JADA";0;"Children"
329;"FORREST SONS";"MARY";0;"Action"
330;"FORRESTER COMANCHEROS";"SEAN";0;"Animation"
331;"FORWARD TEMPLE";"GREG";0;"Games"
332;"FRANKENSTEIN STRANGER";"BEN";0;"Comedy"
333;"FREAKY POCUS";"FAY";0;"Music"
334;"FREDDY STORM";"WALTER";0;"Horror"
335;"FREEDOM CLEOPATRA";"CHRISTOPHER";0;"Comedy"
336;"FRENCH HOLIDAY";"HUMPHREY";0;"Documentary"
337;"FRIDA SLIPPER";"RENEE";0;"Foreign"
338;"FRISCO FORREST";"ROCK";0;"Sci-Fi"
339;"FROGMEN BREAKING";"LAURENCE";0;"Travel"
340;"FRONTIER CABIN";"HARVEY";0;"New"
341;"FROST HEAD";"LAURENCE";0;"Classics"
342;"FUGITIVE MAGUIRE";"OLYMPIA";0;"Travel"
343;"FULL FLATLINERS";"LAURA";0;"Children"
344;"FURY MURDER";"LAURA";0;"Children"
345;"GABLES METROPOLIS";"ADAM";0;"Family"
346;"GALAXY SWEETHEARTS";"THORA";0;"Classics"
347;"GAMES BOWFINGER";"MARY";0;"Travel"
348;"GANDHI KWAI";"DARYL";0;"Family"
349;"GANGS PRIDE";"KENNETH";0;"Animation"
350;"GARDEN ISLAND";"JADA";0;"Sci-Fi"
351;"GASLIGHT CRUSADE";"FAY";0;"Horror"
352;"GATHERING CALENDAR";"MERYL";0;"Games"
353;"GENTLEMEN STAGE";"ED";0;"Foreign"
354;"GHOST GROUNDHOG";"RENEE";0;"Children"
355;"GHOSTBUSTERS ELF";"JENNIFER";0;"Animation"
356;"GIANT TROOPERS";"MATTHEW";0;"Children"
357;"GILBERT PELICAN";"RITA";0;"Classics"
358;"GILMORE BOILED";"BURT";0;"Classics"
359;"GLADIATOR WESTWARD";"JAYNE";0;"Family"
360;"GLASS DYING";"MICHAEL";0;"Action"
361;"GLEAMING JAWBREAKER";"JAYNE";0;"Sports"
362;"GLORY TRACY";"DEBBIE";0;"Games"
363;"GO PURPLE";"GENE";0;"Music"
364;"GODFATHER DIARY";"REESE";0;"New"
365;"GOLD RIVER";"RUSSELL";0;"Comedy"
366;"GOLDFINGER SENSIBILITY";"NICK";0;"Drama"
367;"GOLDMINE TYCOON";"JOHN";0;"Sci-Fi"
368;"GONE TROUBLE";"GROUCHO";0;"Drama"
369;"GOODFELLAS SALUTE";"REESE";0;"Sci-Fi"
370;"GORGEOUS BINGO";"REESE";0;"Children"
371;"GOSFORD DONNIE";"HUMPHREY";0;"Action"
372;"GRACELAND DYNAMITE";"KENNETH";0;"Sports"
373;"GRADUATE LORD";"WHOOPI";0;"Children"
374;"GRAFFITI LOVE";"AUDREY";0;"Sci-Fi"
375;"GRAIL FRANKENSTEIN";"AL";0;"Action"
376;"GRAPES FURY";"BURT";0;"Foreign"
377;"GREASE YOUTH";"ADAM";0;"Family"
378;"GREATEST NORTH";"GREGORY";0;"Music"
379;"GREEDY ROOTS";"MARY";0;"Drama"
380;"GREEK EVERYONE";"CATE";0;"Foreign"
381;"GRINCH MASSAGE";"MATTHEW";0;"Games"
382;"GRIT CLOCKWORK";"GEOFFREY";0;"Games"
383;"GROOVE FICTION";"IAN";0;"Sports"
384;"GROSSE WONDERFUL";"ALBERT";0;"Music"
385;"GROUNDHOG UNCUT";"GROUCHO";0;"Comedy"
386;"GUMP DATE";"JAYNE";0;"Travel"
387;"GUN BONNIE";"MATTHEW";0;"Games"
388;"GUNFIGHT MOON";"RUSSELL";0;"Comedy"
389;"GUNFIGHTER MUSSOLINI";"RUSSELL";0;"Sports"
390;"GUYS FALCON";"RUSSELL";0;"Sci-Fi"
391;"HALF OUTFIELD";"DEBBIE";0;"Family"
392;"HALL CASSIDY";"JAYNE";0;"Children"
393;"HALLOWEEN NUTS";"ANGELA";0;"Documentary"
394;"HAMLET WISDOM";"CHRISTOPHER";0;"Sci-Fi"
395;"HANDICAP BOONDOCK";"MARY";0;"Action"
396;"HANGING DEEP";"ROCK";0;"Drama"
397;"HANKY OCTOBER";"LISA";0;"Sci-Fi"
398;"HANOVER GALAXY";"KENNETH";0;"Music"
399;"HAPPINESS UNITED";"MERYL";0;"Foreign"
400;"HARDLY ROBBERS";"GRETA";0;"Documentary"
401;"HAROLD FRENCH";"GENE";0;"Drama"
402;"HARPER DYING";"FAY";0;"Animation"
403;"HARRY IDAHO";"JAYNE";0;"Drama"
404;"HATE HANDICAP";"RIVER";0;"Comedy"
405;"HAUNTED ANTITRUST";"WILLIAM";0;"Travel"
406;"HAUNTING PIANIST";"MARY";0;"Games"
407;"HAWK CHILL";"IAN";0;"Documentary"
408;"HEAD STRANGER";"JESSICA";0;"Games"
409;"HEARTBREAKERS BRIGHT";"MATTHEW";0;"Children"
410;"HEAVEN FREEDOM";"GREGORY";0;"Comedy"
411;"HEAVENLY GUN";"AUDREY";0;"Music"
412;"HEAVYWEIGHTS BEAST";"BURT";0;"Documentary"
413;"HEDWIG ALTER";"DEBBIE";0;"Comedy"
414;"HELLFIGHTERS SIERRA";"HARVEY";0;"Foreign"
415;"HIGH ENCINO";"MERYL";0;"Horror"
416;"HIGHBALL POTTER";"MENA";0;"Foreign"
417;"HILLS NEIGHBORS";"RENEE";0;"Action"
418;"HOBBIT ALIEN";"REESE";0;"Drama"
419;"HOCUS FRIDA";"THORA";0;"Family"
420;"HOLES BRANNIGAN";"GREGORY";0;"Sports"
421;"HOLIDAY GAMES";"DEBBIE";0;"Foreign"
422;"HOLLOW JEOPARDY";"JULIA";0;"Sci-Fi"
423;"HOLLYWOOD ANONYMOUS";"BELA";0;"Children"
424;"HOLOCAUST HIGHBALL";"WILLIAM";0;"Children"
425;"HOLY TADPOLE";"HARVEY";0;"Classics"
426;"HOME PITY";"JOHN";0;"Music"
427;"HOMEWARD CIDER";"MICHAEL";0;"Documentary"
428;"HOMICIDE PEACH";"ALBERT";0;"Family"
429;"HONEY TIES";"ALBERT";0;"Sports"
430;"HOOK CHARIOTS";"GINA";0;"Animation"
431;"HOOSIERS BIRDCAGE";"HUMPHREY";0;"Foreign"
432;"HOPE TOOTSIE";"JULIA";0;"Classics"
433;"HORN WORKING";"GENE";0;"Animation"
434;"HORROR REIGN";"KENNETH";0;"Travel"
435;"HOTEL HAPPINESS";"RENEE";0;"Foreign"
436;"HOURS RAGE";"JANE";0;"New"
437;"HOUSE DYNAMITE";"MICHAEL";0;"Family"
438;"HUMAN GRAFFITI";"WILL";0;"Games"
439;"HUNCHBACK IMPOSSIBLE";"WILLIAM";0;"Drama"
440;"HUNGER ROOF";"MERYL";0;"Foreign"
441;"HUNTER ALTER";"RENEE";0;"Documentary"
442;"HUNTING MUSKETEERS";"WILLIAM";0;"Family"
443;"HURRICANE AFFAIR";"FAY";0;"Comedy"
444;"HUSTLER PARTY";"CHRISTOPHER";0;"Comedy"
445;"HYDE DOCTOR";"GINA";0;"Classics"
446;"HYSTERICAL GRAIL";"JAYNE";0;"Sports"
447;"ICE CROSSING";"OLYMPIA";0;"Games"
448;"IDAHO LOVE";"MICHAEL";0;"New"
449;"IDENTITY LOVER";"SCARLETT";0;"Sci-Fi"
450;"IDOLS SNATCHERS";"MARY";0;"Children"
451;"IGBY MAKER";"MICHAEL";0;"Travel"
452;"ILLUSION AMELIE";"HUMPHREY";0;"Foreign"
453;"IMAGE PRINCESS";"LUCILLE";0;"Sports"
454;"IMPACT ALADDIN";"WARREN";0;"Music"
455;"IMPOSSIBLE PREJUDICE";"CHRIS";0;"Foreign"
456;"INCH JET";"MATTHEW";0;"Animation"
457;"INDEPENDENCE HOTEL";"KIM";0;"Documentary"
458;"INDIAN LOVE";"GENE";0;"Family"
459;"INFORMER DOUBLE";"IAN";0;"Foreign"
460;"INNOCENT USUAL";"JAMES";0;"Foreign"
461;"INSECTS STONE";"GREGORY";0;"Animation"
462;"INSIDER ARIZONA";"THORA";0;"Music"
463;"INSTINCT AIRPORT";"ED";0;"Sports"
464;"INTENTIONS EMPIRE";"MARY";0;"Animation"
465;"INTERVIEW LIAISONS";"THORA";0;"New"
466;"INTOLERABLE INTENTIONS";"OLYMPIA";0;"Documentary"
467;"INTRIGUE WORST";"FAY";0;"Foreign"
468;"INVASION CYCLONE";"ED";0;"Children"
469;"IRON MOON";"HUMPHREY";0;"Classics"
470;"ISHTAR ROCKETEER";"JOHN";0;"Animation"
471;"ISLAND EXORCIST";"DARYL";0;"Classics"
472;"ITALIAN AFRICAN";"AUDREY";0;"Travel"
473;"JACKET FRISCO";"BELA";0;"Drama"
474;"JADE BUNCH";"THORA";0;"Sports"
475;"JAPANESE RUN";"JOHN";0;"Horror"
476;"JASON TRAP";"MINNIE";0;"Family"
477;"JAWBREAKER BROOKLYN";"JESSICA";0;"Music"
478;"JAWS HARRY";"GRETA";0;"Comedy"
479;"JEDI BENEATH";"JANE";0;"Family"
480;"JEEPERS WEDDING";"MINNIE";0;"Classics"
481;"JEKYLL FROGMEN";"JADA";0;"New"
482;"JEOPARDY ENCINO";"MARY";0;"Classics"
483;"JERICHO MULAN";"LISA";0;"Games"
484;"JERK PAYCHECK";"BELA";0;"Classics"
485;"JERSEY SASSY";"JOHN";0;"Children"
486;"JET NEIGHBORS";"MERYL";0;"Foreign"
487;"JINGLE SAGEBRUSH";"GROUCHO";0;"Classics"
488;"JOON NORTHWEST";"CHARLIZE";0;"Sports"
489;"JUGGLER HARDLY";"ED";0;"Animation"
490;"JUMANJI BLADE";"JIM";0;"New"
491;"JUMPING WRATH";"ALAN";0;"Children"
492;"JUNGLE CLOSER";"CUBA";0;"New"
493;"KANE EXORCIST";"GROUCHO";0;"Foreign"
494;"KARATE MOON";"JAYNE";0;"Horror"
495;"KENTUCKIAN GIANT";"RUSSELL";0;"Horror"
496;"KICK SAVANNAH";"MICHAEL";0;"Travel"
497;"KILL BROTHERHOOD";"RIVER";0;"Documentary"
498;"KILLER INNOCENT";"MERYL";0;"Family"
499;"KING EVOLUTION";"MARY";0;"Family"
500;"KISS GLORY";"HUMPHREY";0;"Foreign"
501;"KISSING DOLLS";"GEOFFREY";0;"Action"
502;"KNOCK WARLOCK";"JUDE";0;"Comedy"
503;"KRAMER CHOCOLATE";"JULIANNE";0;"Sports"
504;"KWAI HOMEWARD";"FAY";0;"Drama"
505;"LABYRINTH LEAGUE";"KENNETH";0;"Children"
506;"LADY STAGE";"ROCK";0;"Horror"
507;"LADYBUGS ARMAGEDDON";"MATTHEW";0;"Games"
508;"LAMBS CINCINATTI";"JAYNE";0;"Games"
509;"LANGUAGE COWBOY";"CUBA";0;"Children"
510;"LAWLESS VISION";"MICHAEL";0;"Animation"
511;"LAWRENCE LOVE";"SUSAN";0;"Action"
512;"LEAGUE HELLFIGHTERS";"CUBA";0;"Classics"
513;"LEATHERNECKS DWARFS";"IAN";0;"Travel"
514;"LEBOWSKI SOLDIERS";"ALBERT";0;"Drama"
515;"LEGALLY SECRETARY";"BELA";0;"Children"
516;"LEGEND JEDI";"CATE";0;"Music"
517;"LESSON CLEOPATRA";"ROCK";0;"Sports"
518;"LIAISONS SWEET";"MICHAEL";0;"Travel"
519;"LIBERTY MAGNIFICENT";"CUBA";0;"Sports"
520;"LICENSE WEEKEND";"JAYNE";0;"Sci-Fi"
521;"LIES TREATMENT";"JON";0;"Drama"
522;"LIFE TWISTED";"REESE";0;"Comedy"
523;"LIGHTS DEER";"TIM";0;"Classics"
524;"LION UNCUT";"BELA";0;"Comedy"
525;"LOATHING LEGALLY";"GRETA";0;"Classics"
526;"LOCK REAR";"HARVEY";0;"Travel"
527;"LOLA AGENT";"GEOFFREY";0;"Horror"
528;"LOLITA WORLD";"UMA";0;"Family"
529;"LONELY ELEPHANT";"ROCK";0;"Comedy"
530;"LORD ARIZONA";"MORGAN";0;"Action"
531;"LOSE INCH";"REESE";0;"Foreign"
532;"LOSER HUSTLER";"VIVIEN";0;"Sports"
533;"LOST BIRD";"CUBA";0;"Foreign"
534;"LOUISIANA HARRY";"JAYNE";0;"Family"
535;"LOVE SUICIDES";"GRETA";0;"Horror"
536;"LOVELY JINGLE";"MARY";0;"Classics"
537;"LOVER TRUMAN";"THORA";0;"Classics"
538;"LOVERBOY ATTACKS";"THORA";0;"New"
539;"LUCK OPUS";"MATTHEW";0;"Drama"
540;"LUCKY FLYING";"ANGELA";0;"Music"
541;"LUKE MUMMY";"JULIA";0;"Animation"
542;"LUST LOCK";"MATTHEW";0;"Action"
543;"MADIGAN DORADO";"GENE";0;"Travel"
544;"MADISON TRAP";"THORA";0;"Documentary"
545;"MADNESS ATTACKS";"MARY";0;"Foreign"
546;"MADRE GABLES";"MATTHEW";0;"Games"
547;"MAGIC MALLRATS";"KIRSTEN";0;"Children"
548;"MAGNIFICENT CHITTY";"CUBA";0;"Classics"
549;"MAGNOLIA FORRESTER";"AUDREY";0;"Action"
550;"MAGUIRE APACHE";"ALAN";0;"Family"
551;"MAIDEN HOME";"GREGORY";0;"New"
552;"MAJESTIC FLOATS";"JULIA";0;"Documentary"
553;"MAKER GABLES";"LUCILLE";0;"Children"
554;"MALKOVICH PET";"REESE";0;"Classics"
555;"MALLRATS UNITED";"MARY";0;"Comedy"
556;"MALTESE HOPE";"ANGELA";0;"Games"
557;"MANCHURIAN CURTAIN";"ALBERT";0;"Family"
558;"MANNEQUIN WORST";"GENE";0;"New"
559;"MARRIED GO";"GROUCHO";0;"Sci-Fi"
560;"MARS ROMAN";"BELA";0;"Games"
561;"MASK PEACH";"RENEE";0;"New"
562;"MASKED BUBBLE";"AUDREY";0;"Music"
563;"MASSACRE USUAL";"GENE";0;"Games"
564;"MASSAGE IMAGE";"ALAN";0;"Animation"
565;"MATRIX SNOWMAN";"RUSSELL";0;"Foreign"
566;"MAUDE MOD";"ROCK";0;"Foreign"
567;"MEET CHOCOLATE";"GROUCHO";0;"Foreign"
568;"MEMENTO ZOOLANDER";"MARY";0;"Comedy"
569;"MENAGERIE RUSHMORE";"RAY";0;"Animation"
570;"MERMAID INSECTS";"MARY";0;"Sports"
571;"METAL ARMAGEDDON";"MICHAEL";0;"Documentary"
572;"METROPOLIS COMA";"CUBA";0;"Sci-Fi"
573;"MICROCOSMOS PARADISE";"JON";0;"Children"
574;"MIDNIGHT WESTWARD";"HUMPHREY";0;"Action"
575;"MIDSUMMER GROUNDHOG";"BELA";0;"Documentary"
576;"MIGHTY LUCK";"BELA";0;"Documentary"
577;"MILE MULAN";"JULIANNE";0;"Sports"
578;"MILLION ACE";"JOHN";0;"Classics"
579;"MINDS TRUMAN";"JULIA";0;"Action"
580;"MINE TITANS";"HUMPHREY";0;"New"
581;"MINORITY KISS";"VIVIEN";0;"Music"
582;"MIRACLE VIRTUAL";"FRED";0;"Animation"
583;"MISSION ZOOLANDER";"LUCILLE";0;"Animation"
584;"MIXED DOORS";"MICHAEL";0;"Foreign"
585;"MOB DUFFEL";"GROUCHO";0;"Drama"
586;"MOCKINGBIRD HOLLYWOOD";"ADAM";0;"Action"
587;"MOD SECRETARY";"BELA";0;"Documentary"
588;"MODEL FISH";"MARY";0;"Children"
589;"MODERN DORADO";"CATE";0;"Documentary"
590;"MONEY HAROLD";"DEBBIE";0;"New"
591;"MONSOON CAUSE";"WILLIAM";0;"Games"
592;"MONSTER SPARTACUS";"JAYNE";0;"Music"
593;"MONTEREY LABYRINTH";"ROCK";0;"Horror"
594;"MONTEZUMA COMMAND";"RICHARD";0;"Action"
595;"MOON BUNCH";"ANNE";0;"Foreign"
596;"MOONSHINE CABIN";"GREGORY";0;"Games"
597;"MOONWALKER FOOL";"MARY";0;"Games"
598;"MOSQUITO ARMAGEDDON";"REESE";0;"Sports"
599;"MOTHER OLEANDER";"ANGELA";0;"Sports"
600;"MOTIONS DETAILS";"LAURA";0;"Horror"
601;"MOULIN WAKE";"VIVIEN";0;"Travel"
602;"MOURNING PURPLE";"WILL";0;"Sci-Fi"
603;"MOVIE SHAKESPEARE";"RIVER";0;"Family"
604;"MULAN MOON";"JULIA";0;"Comedy"
605;"MULHOLLAND BEAST";"EWAN";0;"Foreign"
606;"MUMMY CREATURES";"AUDREY";0;"Sports"
607;"MUPPET MILE";"AL";0;"Foreign"
608;"MURDER ANTITRUST";"OLYMPIA";0;"Children"
609;"MUSCLE BRIGHT";"JEFF";0;"Travel"
610;"MUSIC BOONDOCK";"MICHAEL";0;"Family"
611;"MUSKETEERS WAIT";"BEN";0;"Classics"
612;"MUSSOLINI SPOILERS";"OPRAH";0;"Sports"
613;"MYSTIC TRUMAN";"HUMPHREY";0;"Comedy"
614;"NAME DETECTIVE";"JOHN";0;"Games"
615;"NASH CHOCOLAT";"BELA";0;"Animation"
616;"NATIONAL STORY";"WILLIAM";0;"Documentary"
617;"NATURAL STOCK";"RENEE";0;"Family"
618;"NECKLACE OUTBREAK";"JOHN";0;"Drama"
619;"NEIGHBORS CHARADE";"WILL";0;"Sports"
620;"NEMO CAMPUS";"ED";0;"Sci-Fi"
621;"NETWORK PEAK";"ELLEN";0;"Family"
622;"NEWSIES STORY";"JOHN";0;"Documentary"
623;"NEWTON LABYRINTH";"AUDREY";0;"Foreign"
624;"NIGHTMARE CHILL";"GENE";0;"Games"
625;"NONE SPIKING";"RENEE";0;"Sci-Fi"
626;"NOON PAPI";"WILL";0;"Children"
627;"NORTH TEQUILA";"MINNIE";0;"Documentary"
628;"NORTHWEST POLISH";"MARY";0;"Sports"
629;"NOTORIOUS REUNION";"JAYNE";0;"Documentary"
630;"NOTTING SPEAKEASY";"IAN";0;"Drama"
631;"NOVOCAINE FLIGHT";"MICHAEL";0;"Sports"
632;"NUTS TIES";"CHRISTIAN";0;"New"
633;"OCTOBER SUBMARINE";"EMILY";0;"Classics"
634;"ODDS BOOGIE";"KENNETH";0;"Family"
635;"OKLAHOMA JUMANJI";"BELA";0;"New"
636;"OLEANDER CLUE";"RUSSELL";0;"Music"
637;"OPEN AFRICAN";"VIVIEN";0;"Sci-Fi"
638;"OPERATION OPERATION";"GREGORY";0;"Comedy"
639;"OPPOSITE NECKLACE";"DEBBIE";0;"Family"
640;"OPUS ICE";"JULIA";0;"Foreign"
641;"ORANGE GRAPES";"KIM";0;"Foreign"
642;"ORDER BETRAYED";"HUMPHREY";0;"Travel"
643;"ORIENT CLOSER";"CAMERON";0;"Drama"
644;"OSCAR GOLD";"AL";0;"Animation"
645;"OTHERS SOUP";"OLYMPIA";0;"Travel"
646;"OUTBREAK DIVINE";"FAY";0;"Games"
647;"OUTFIELD MASSACRE";"JAYNE";0;"Music"
648;"OUTLAW HANKY";"JULIA";0;"Travel"
649;"OZ LIAISONS";"JAYNE";0;"Animation"
650;"PACIFIC AMISTAD";"HUMPHREY";0;"Documentary"
651;"PACKER MADIGAN";"TIM";0;"Animation"
652;"PAJAMA JAWBREAKER";"WILL";0;"Classics"
653;"PANIC CLUB";"HARVEY";0;"Horror"
654;"PANKY SUBMARINE";"JULIA";0;"Games"
655;"PANTHER REDS";"HARVEY";0;"Sci-Fi"
656;"PAPI NECKLACE";"CUBA";0;"Travel"
657;"PARADISE SABRINA";"JEFF";0;"Comedy"
658;"PARIS WEEKEND";"JAYNE";0;"Horror"
659;"PARK CITIZEN";"MICHAEL";0;"Action"
660;"PARTY KNOCK";"CHRIS";0;"Comedy"
661;"PAST SUICIDES";"HUMPHREY";0;"Foreign"
662;"PATHS CONTROL";"ROCK";0;"Drama"
663;"PATIENT SISTER";"SEAN";0;"Classics"
664;"PATRIOT ROMAN";"RENEE";0;"Action"
665;"PATTON INTERVIEW";"MICHAEL";0;"Horror"
666;"PAYCHECK WAIT";"LIZA";0;"Drama"
667;"PEACH INNOCENT";"GROUCHO";0;"Sports"
668;"PEAK FOREVER";"GREGORY";0;"Sports"
669;"PEARL DESTINY";"HARVEY";0;"Foreign"
670;"PELICAN COMFORTS";"RUSSELL";0;"Documentary"
671;"PERDITION FARGO";"RENEE";0;"Sports"
672;"PERFECT GROOVE";"LAURENCE";0;"Comedy"
673;"PERSONAL LADYBUGS";"JAYNE";0;"Music"
674;"PET HAUNTING";"JOHN";0;"Foreign"
675;"PHANTOM GLORY";"GROUCHO";0;"New"
676;"PHILADELPHIA WIFE";"SEAN";0;"Sports"
677;"PIANIST OUTFIELD";"JAYNE";0;"New"
678;"PICKUP DRIVING";"WILL";0;"Sports"
679;"PILOT HOOSIERS";"AUDREY";0;"Family"
680;"PINOCCHIO SIMON";"JOHN";0;"Comedy"
681;"PIRATES ROXANNE";"HUMPHREY";0;"Sports"
682;"PITTSBURGH HUNCHBACK";"JOHN";0;"Family"
683;"PITY BOUND";"GENE";0;"Drama"
684;"PIZZA JUMANJI";"BELA";0;"Games"
685;"PLATOON INSTINCT";"WILL";0;"New"
686;"PLUTO OLEANDER";"ED";0;"New"
687;"POCUS PULP";"RIVER";0;"Documentary"
688;"POLISH BROOKLYN";"ALAN";0;"Children"
689;"POLLOCK DELIVERANCE";"JULIA";0;"Foreign"
690;"POND SEATTLE";"RIVER";0;"Animation"
691;"POSEIDON FOREVER";"REESE";0;"Sports"
692;"POTLUCK MIXED";"GREGORY";0;"Animation"
693;"POTTER CONNECTICUT";"AUDREY";0;"Animation"
694;"PREJUDICE OLEANDER";"MICHAEL";0;"Classics"
695;"PRESIDENT BANG";"AUDREY";0;"Family"
696;"PRIDE ALAMO";"GRETA";0;"Animation"
697;"PRIMARY GLASS";"JAYNE";0;"Action"
698;"PRINCESS GIANT";"ED";0;"Documentary"
699;"PRIVATE DROP";"JON";0;"Games"
700;"PRIX UNDEFEATED";"MORGAN";0;"Family"
701;"PSYCHO SHRUNK";"OLYMPIA";0;"Games"
702;"PULP BEVERLY";"ANGELA";0;"Horror"
703;"PUNK DIVORCE";"GEOFFREY";0;"Animation"
704;"PURE RUNNER";"MILLA";0;"Comedy"
705;"PURPLE MOVIE";"AUDREY";0;"Foreign"
706;"QUEEN LUKE";"JAYNE";0;"Drama"
707;"QUEST MUSSOLINI";"RENEE";0;"Action"
708;"QUILLS BULL";"JOHN";0;"Documentary"
709;"RACER EGG";"BURT";0;"Drama"
710;"RAGE GAMES";"GROUCHO";0;"Family"
711;"RAGING AIRPLANE";"JOHN";0;"Sci-Fi"
712;"RAIDERS ANTITRUST";"JADA";0;"Documentary"
713;"RAINBOW SHOCK";"GRETA";0;"Documentary"
714;"RANDOM GO";"THORA";0;"Sci-Fi"
715;"RANGE MOONWALKER";"RUSSELL";0;"Family"
716;"REAP UNFAITHFUL";"ANNE";0;"Horror"
717;"REAR TRADING";"LAURENCE";0;"Action"
718;"REBEL AIRPORT";"EMILY";0;"Music"
719;"RECORDS ZORRO";"MERYL";0;"Sports"
720;"REDEMPTION COMFORTS";"DEBBIE";0;"New"
721;"REDS POCUS";"WARREN";0;"Music"
722;"REEF SALUTE";"MICHAEL";0;"Horror"
723;"REIGN GENTLEMEN";"MORGAN";0;"Sci-Fi"
724;"REMEMBER DIARY";"REESE";0;"Family"
725;"REQUIEM TYCOON";"GRETA";0;"Classics"
726;"RESERVOIR ADAPTATION";"GENE";0;"Foreign"
727;"RESURRECTION SILVERADO";"KENNETH";0;"Family"
728;"REUNION WITCHES";"JAYNE";0;"Drama"
729;"RIDER CADDYSHACK";"JULIA";0;"Sports"
730;"RIDGEMONT SUBMARINE";"JULIA";0;"New"
731;"RIGHT CRANES";"ALBERT";0;"Classics"
732;"RINGS HEARTBREAKERS";"JEFF";0;"Action"
733;"RIVER OUTLAW";"LISA";0;"Sports"
734;"ROAD ROXANNE";"CUBA";0;"Documentary"
735;"ROBBERS JOON";"JADA";0;"Children"
736;"ROBBERY BRIGHT";"WHOOPI";0;"Family"
737;"ROCK INSTINCT";"ED";0;"Horror"
738;"ROCKETEER MOTHER";"JAYNE";0;"Foreign"
739;"ROCKY WAR";"RENEE";0;"Drama"
740;"ROLLERCOASTER BRINGING";"JON";0;"Horror"
741;"ROMAN PUNK";"WARREN";0;"Music"
742;"ROOF CHAMPION";"WHOOPI";0;"Games"
743;"ROOM ROMAN";"SEAN";0;"Animation"
744;"ROOTS REMEMBER";"MATTHEW";0;"Classics"
745;"ROSES TREASURE";"MARY";0;"Sports"
746;"ROUGE SQUAD";"REESE";0;"Games"
747;"ROXANNE REBEL";"JOHN";0;"Games"
748;"RUGRATS SHAKESPEARE";"CUBA";0;"Action"
749;"RULES HUMAN";"HARVEY";0;"Horror"
750;"RUN PACIFIC";"SIDNEY";0;"New"
751;"RUNAWAY TENENBAUMS";"GENE";0;"New"
752;"RUNNER MADIGAN";"REESE";0;"Music"
753;"RUSH GOODFELLAS";"ALAN";0;"Family"
754;"RUSHMORE MERMAID";"FAY";0;"Comedy"
755;"SABRINA MIDNIGHT";"CHRIS";0;"Children"
756;"SADDLE ANTITRUST";"MINNIE";0;"Comedy"
757;"SAGEBRUSH CLUELESS";"ALAN";0;"Documentary"
758;"SAINTS BRIDE";"MARY";0;"Drama"
759;"SALUTE APOLLO";"JADA";0;"New"
760;"SAMURAI LION";"GREG";0;"New"
761;"SANTA PARIS";"MICHAEL";0;"Children"
762;"SASSY PACKER";"LISA";0;"Games"
763;"SATISFACTION CONFIDENTIAL";"JOHN";0;"Sports"
764;"SATURDAY LAMBS";"GENE";0;"Sports"
765;"SATURN NAME";"CHRIS";0;"Comedy"
766;"SAVANNAH TOWN";"MINNIE";0;"Drama"
767;"SCALAWAG DUCK";"CHRIS";0;"Music"
768;"SCARFACE BANG";"RENEE";0;"Children"
769;"SCHOOL JACKET";"REESE";0;"Foreign"
770;"SCISSORHANDS SLUMS";"ROCK";0;"Foreign"
771;"SCORPION APOLLO";"GROUCHO";0;"Drama"
772;"SEA VIRGIN";"HUMPHREY";0;"Drama"
773;"SEABISCUIT PUNK";"ROCK";0;"Sports"
774;"SEARCHERS WAIT";"ROCK";0;"Comedy"
775;"SEATTLE EXPECATIONS";"GREGORY";0;"Drama"
776;"SECRET GROUNDHOG";"ANGELA";0;"Documentary"
777;"SECRETARY ROUGE";"JEFF";0;"Sports"
778;"SECRETS PARADISE";"WILLIAM";0;"Family"
779;"SENSE GREEK";"RENEE";0;"Sports"
780;"SENSIBILITY REAR";"MICHAEL";0;"Family"
781;"SEVEN SWARM";"JAYNE";0;"Games"
782;"SHAKESPEARE SADDLE";"RUSSELL";0;"Sports"
783;"SHANE DARKNESS";"RENEE";0;"Travel"
784;"SHANGHAI TYCOON";"JULIA";0;"Travel"
785;"SHAWSHANK BUBBLE";"JULIA";0;"Travel"
786;"SHEPHERD MIDSUMMER";"MERYL";0;"Children"
787;"SHINING ROSES";"HUMPHREY";0;"Travel"
788;"SHIP WONDERLAND";"NICK";0;"Documentary"
789;"SHOCK CABIN";"LAURA";0;"Foreign"
790;"SHOOTIST SUPERFLY";"FAY";0;"Drama"
791;"SHOW LORD";"KEVIN";0;"Documentary"
792;"SHREK LICENSE";"EMILY";0;"Foreign"
793;"SHRUNK DIVINE";"MARY";0;"Action"
794;"SIDE ARK";"JAYNE";0;"Action"
795;"SIEGE MADRE";"BELA";0;"Family"
796;"SIERRA DIVIDE";"MARY";0;"Sports"
797;"SILENCE KANE";"MICHAEL";0;"Music"
798;"SILVERADO GOLDFINGER";"AL";0;"Sci-Fi"
799;"SIMON NORTH";"VIVIEN";0;"Horror"
800;"SINNERS ATLANTIS";"LAURENCE";0;"Horror"
801;"SISTER FREDDY";"GREGORY";0;"Children"
802;"SKY MIRACLE";"AUDREY";0;"Action"
803;"SLACKER LIAISONS";"";0;"Drama"
804;"SLEEPING SUSPECTS";"WILL";0;"Horror"
805;"SLEEPLESS MONSOON";"DARYL";0;"Animation"
806;"SLEEPY JAPANESE";"MARY";0;"New"
807;"SLEUTH ORIENT";"BURT";0;"Games"
808;"SLING LUKE";"ED";0;"Classics"
809;"SLIPPER FIDELITY";"JEFF";0;"Sports"
810;"SLUMS DUCK";"RUSSELL";0;"Family"
811;"SMILE EARRING";"JEFF";0;"Travel"
812;"SMOKING BARBARELLA";"VIVIEN";0;"Documentary"
813;"SMOOCHY CONTROL";"JAYNE";0;"Sports"
814;"SNATCH SLIPPER";"RITA";0;"Comedy"
815;"SNATCHERS MONTEZUMA";"REESE";0;"Classics"
816;"SNOWMAN ROLLERCOASTER";"MATTHEW";0;"Animation"
817;"SOLDIERS EVOLUTION";"MARY";0;"Sci-Fi"
818;"SOMETHING DUCK";"MICHAEL";0;"Drama"
819;"SONG HEDWIG";"JOHN";0;"Music"
820;"SONS INTERVIEW";"CUBA";0;"Animation"
821;"SORORITY QUEEN";"BEN";0;"Foreign"
822;"SOUP WISDOM";"KIM";0;"Family"
823;"SOUTH WAIT";"GARY";0;"Action"
824;"SPARTACUS CHEAPER";"JEFF";0;"Family"
825;"SPEAKEASY DATE";"HARVEY";0;"Action"
826;"SPEED SUIT";"WILL";0;"Travel"
827;"SPICE SORORITY";"GREGORY";0;"Drama"
828;"SPIKING ELEMENT";"BURT";0;"Classics"
829;"SPINAL ROCKY";"CATE";0;"Family"
830;"SPIRIT FLINTSTONES";"GREGORY";0;"Horror"
831;"SPIRITED CASUALTIES";"RENEE";0;"Sci-Fi"
832;"SPLASH GUMP";"AL";0;"Family"
833;"SPLENDOR PATTON";"BELA";0;"Children"
834;"SPOILERS HELLFIGHTERS";"BURT";0;"Documentary"
835;"SPY MILE";"GRETA";0;"Games"
836;"SQUAD FISH";"MATTHEW";0;"Sports"
837;"STAGE WORLD";"BELA";0;"Comedy"
838;"STAGECOACH ARMAGEDDON";"MORGAN";0;"Action"
839;"STALLION SUNDANCE";"JON";0;"Sci-Fi"
840;"STAMPEDE DISTURBING";"VIVIEN";0;"Games"
841;"STAR OPERATION";"WILL";0;"Sports"
842;"STATE WASTELAND";"WILLIAM";0;"Games"
843;"STEEL SANTA";"MARY";0;"Classics"
844;"STEERS ARMAGEDDON";"OPRAH";0;"Sports"
845;"STEPMOM DREAM";"MICHAEL";0;"Foreign"
846;"STING PERSONAL";"BEN";0;"New"
847;"STOCK GLASS";"JEFF";0;"New"
848;"STONE FIRE";"MILLA";0;"Travel"
849;"STORM HAPPINESS";"GREGORY";0;"Animation"
850;"STORY SIDE";"RUSSELL";0;"Action"
851;"STRAIGHT HOURS";"BURT";0;"Sports"
852;"STRANGELOVE DESIRE";"ED";0;"Children"
853;"STRANGER STRANGERS";"CUBA";0;"Children"
854;"STRANGERS GRAFFITI";"JAYNE";0;"Horror"
855;"STREAK RIDGEMONT";"DARYL";0;"Documentary"
856;"STREETCAR INTENTIONS";"LAURENCE";0;"Horror"
857;"STRICTLY SCARFACE";"ALAN";0;"Comedy"
858;"SUBMARINE BED";"MARY";0;"Comedy"
859;"SUGAR WONKA";"JON";0;"Animation"
860;"SUICIDES SILENCE";"FRANCES";0;"Sci-Fi"
861;"SUIT WALLS";"GENE";0;"Games"
862;"SUMMER SCARFACE";"RUSSELL";0;"Classics"
863;"SUN CONFESSIONS";"JADA";0;"Sci-Fi"
864;"SUNDANCE INVASION";"DEBBIE";0;"Children"
865;"SUNRISE LEAGUE";"RUSSELL";0;"Animation"
866;"SUNSET RACER";"MORGAN";0;"Family"
867;"SUPER WYOMING";"HUMPHREY";0;"Family"
868;"SUPERFLY TRIP";"MATTHEW";0;"Travel"
869;"SUSPECTS QUILLS";"JAYNE";0;"Action"
870;"SWARM GOLD";"MATTHEW";0;"Horror"
871;"SWEDEN SHINING";"ALBERT";0;"Comedy"
872;"SWEET BROTHERHOOD";"MERYL";0;"Travel"
873;"SWEETHEARTS SUSPECTS";"JAYNE";0;"Children"
874;"TADPOLE PARK";"AUDREY";0;"Classics"
875;"TALENTED HOMICIDE";"JADA";0;"Sports"
876;"TARZAN VIDEOTAPE";"LAURA";0;"Horror"
877;"TAXI KICK";"MENA";0;"Music"
878;"TEEN APOLLO";"RIVER";0;"Travel"
879;"TELEGRAPH VOYAGE";"THORA";0;"Music"
880;"TELEMARK HEARTBREAKERS";"MICHAEL";0;"Animation"
881;"TEMPLE ATTRACTION";"CHRISTOPHER";0;"Horror"
882;"TENENBAUMS COMMAND";"CUBA";0;"Drama"
883;"TEQUILA PAST";"CHRIS";0;"Children"
884;"TERMINATOR CLUB";"HUMPHREY";0;"Music"
885;"TEXAS WATCH";"JAYNE";0;"Horror"
886;"THEORY MERMAID";"JULIA";0;"Animation"
887;"THIEF PELICAN";"JAYNE";0;"Animation"
888;"THIN SAGEBRUSH";"RALPH";0;"Documentary"
889;"TIES HUNGER";"WILL";0;"Children"
890;"TIGHTS DAWN";"WILLIAM";0;"Sports"
891;"TIMBERLAND SKY";"CHRISTOPHER";0;"Classics"
892;"TITANIC BOONDOCK";"MARY";0;"Animation"
893;"TITANS JERK";"KIM";0;"Sci-Fi"
894;"TOMATOES HELLFIGHTERS";"KENNETH";0;"Travel"
895;"TOMORROW HUSTLER";"GEOFFREY";0;"Classics"
896;"TOOTSIE PILOT";"CUBA";0;"Children"
897;"TORQUE BOUND";"KENNETH";0;"Drama"
898;"TOURIST PELICAN";"OLYMPIA";0;"Sports"
899;"TOWERS HURRICANE";"CUBA";0;"Classics"
900;"TOWN ARK";"WARREN";0;"Foreign"
901;"TRACY CIDER";"SEAN";0;"Animation"
902;"TRADING PINOCCHIO";"MILLA";0;"Sports"
903;"TRAFFIC HOBBIT";"OLYMPIA";0;"Travel"
904;"TRAIN BUNCH";"ADAM";0;"Horror"
905;"TRAINSPOTTING STRANGERS";"RUSSELL";0;"Comedy"
906;"TRAMP OTHERS";"BELA";0;"Comedy"
907;"TRANSLATION SUMMER";"MATTHEW";0;"Drama"
908;"TRAP GUYS";"BELA";0;"Foreign"
909;"TREASURE COMMAND";"OPRAH";0;"Horror"
910;"TREATMENT JEKYLL";"GENE";0;"Drama"
911;"TRIP NEWTON";"MATTHEW";0;"Action"
912;"TROJAN TOMORROW";"THORA";0;"Sci-Fi"
913;"TROOPERS METAL";"GRETA";0;"New"
914;"TROUBLE DATE";"GREGORY";0;"Travel"
915;"TRUMAN CRAZY";"GENE";0;"Action"
916;"TURN STAR";"REESE";0;"Animation"
917;"TUXEDO MILE";"MORGAN";0;"Sports"
918;"TWISTED PIRATES";"ADAM";0;"Children"
919;"TYCOON GATHERING";"BELA";0;"Games"
920;"UNBREAKABLE KARATE";"MICHAEL";0;"New"
921;"UNCUT SUICIDES";"MATTHEW";0;"Music"
922;"UNDEFEATED DALMATIONS";"ALBERT";0;"Horror"
923;"UNFAITHFUL KILL";"RENEE";0;"Drama"
924;"UNFORGIVEN ZOOLANDER";"MARY";0;"Sci-Fi"
925;"UNITED PILOT";"ROCK";0;"Documentary"
926;"UNTOUCHABLES SUNRISE";"JULIANNE";0;"Documentary"
927;"UPRISING UPTOWN";"WILL";0;"Action"
928;"UPTOWN YOUNG";"ALAN";0;"Children"
929;"USUAL UNTOUCHABLES";"KIRSTEN";0;"Foreign"
930;"VACATION BOONDOCK";"LISA";0;"Sci-Fi"
931;"VALENTINE VANISHING";"ED";0;"Travel"
932;"VALLEY PACKER";"SUSAN";0;"Comedy"
933;"VAMPIRE WHALE";"ALAN";0;"New"
934;"VANILLA DAY";"WHOOPI";0;"Games"
935;"VANISHED GARDEN";"ANGELINA";0;"New"
936;"VANISHING ROCKY";"GENE";0;"Music"
937;"VARSITY TRIP";"BURT";0;"New"
938;"VELVET TERMINATOR";"MERYL";0;"Comedy"
939;"VERTIGO NORTHWEST";"BELA";0;"Comedy"
940;"VICTORY ACADEMY";"MERYL";0;"Sports"
941;"VIDEOTAPE ARSENIC";"RUSSELL";0;"Games"
942;"VIETNAM SMOOCHY";"MATTHEW";0;"Drama"
943;"VILLAIN DESPERATE";"CARY";0;"Documentary"
944;"VIRGIN DAISY";"CATE";0;"Drama"
945;"VIRGINIAN PLUTO";"THORA";0;"Documentary"
946;"VIRTUAL SPOILERS";"JON";0;"Family"
947;"VISION TORQUE";"AL";0;"Foreign"
948;"VOICE PEACH";"AL";0;"New"
949;"VOLCANO TEXAS";"RUSSELL";0;"Games"
950;"VOLUME HOUSE";"REESE";0;"Classics"
951;"VOYAGE LEGALLY";"MEG";0;"Classics"
952;"WAGON JAWS";"MARY";0;"Documentary"
953;"WAIT CIDER";"JULIA";0;"Animation"
954;"WAKE JAWS";"KENNETH";0;"New"
955;"WALLS ARTIST";"JEFF";0;"Children"
956;"WANDA CHAMBER";"GENE";0;"Games"
957;"WAR NOTTING";"HUMPHREY";0;"Foreign"
958;"WARDROBE PHANTOM";"THORA";0;"Drama"
959;"WARLOCK WEREWOLF";"AUDREY";0;"Children"
960;"WARS PLUTO";"BURT";0;"Documentary"
961;"WASH HEAVENLY";"SALMA";0;"Foreign"
962;"WASTELAND DIVINE";"AL";0;"Classics"
963;"WATCH TRACY";"JEFF";0;"Animation"
964;"WATERFRONT DELIVERANCE";"BEN";0;"Action"
965;"WATERSHIP FRONTIER";"MICHAEL";0;"Horror"
966;"WEDDING APOLLO";"HUMPHREY";0;"Documentary"
967;"WEEKEND PERSONAL";"REESE";0;"Sci-Fi"
968;"WEREWOLF LOLA";"OPRAH";0;"Action"
969;"WEST LION";"GREGORY";0;"Drama"
970;"WESTWARD SEABISCUIT";"LUCILLE";0;"Classics"
971;"WHALE BIKINI";"GREGORY";0;"Foreign"
972;"WHISPERER GIANT";"BELA";0;"Sci-Fi"
973;"WIFE TURN";"MICHAEL";0;"Documentary"
974;"WILD APOLLO";"REESE";0;"New"
975;"WILLOW TRACY";"JAMES";0;"Family"
976;"WIND PHANTOM";"RENEE";0;"Games"
977;"WINDOW SIDE";"WILLIAM";0;"Travel"
978;"WISDOM WORKER";"WILLIAM";0;"Comedy"
979;"WITCHES PANIC";"REESE";0;"Drama"
980;"WIZARD COLDBLOODED";"WALTER";0;"Music"
981;"WOLVES DESIRE";"GRETA";0;"Travel"
982;"WOMEN DORADO";"MICHAEL";0;"Action"
983;"WON DARES";"JULIA";0;"Music"
984;"WONDERFUL DROP";"HUMPHREY";0;"Foreign"
985;"WONDERLAND CHRISTMAS";"HUMPHREY";0;"Sci-Fi"
986;"WONKA SEA";"HENRY";0;"Animation"
987;"WORDS HUNTER";"IAN";0;"Music"
988;"WORKER TARZAN";"ROCK";0;"Travel"
989;"WORKING MICROCOSMOS";"ROCK";0;"Travel"
990;"WORLD LEATHERNECKS";"DEBBIE";0;"Horror"
991;"WORST BANGER";"MATTHEW";0;"Action"
992;"WRATH MILE";"KENNETH";0;"Documentary"
993;"WRONG BEHAVIOR";"THORA";0;"Children"
994;"WYOMING STORM";"JULIA";0;"New"
995;"YENTL IDAHO";"REESE";0;"Horror"
996;"YOUNG LANGUAGE";"MENA";0;"Documentary"
997;"YOUTH KICK";"MARY";0;"Music"
998;"ZHIVAGO CORE";"WILLIAM";0;"Horror"
999;"ZOOLANDER FICTION";"JADA";0;"Children"
1000;"ZORRO ARK";"LISA";0;"Comedy"
